Mainline/Low Cost,Dep Airport Code,Dep City Code,Arr Airport Code,Arr City Code,International/Domestic,Time series,Frequency
L,FUK,FUK,CTS,SPK,Domestic,Apr-22,31
M,FUK,FUK,KMI,KMI,Domestic,Apr-22,184
M,FUK,FUK,ITM,OSA,Domestic,Apr-22,60
L,FUK,FUK,HND,TYO,Domestic,Apr-22,360
M,FUK,FUK,HAN,HAN,International,Apr-22,4
M,FUK,FUK,NGO,NGO,Domestic,Apr-22,30
L,FUK,FUK,MNL,MNL,International,Apr-22,4
M,FUK,FUK,KOJ,KOJ,Domestic,Apr-22,30
L,FUK,FUK,IBR,IBR,Domestic,Apr-22,30
M,FUK,FUK,AXJ,AXJ,Domestic,Apr-22,90
M,FUK,FUK,HND,TYO,Domestic,Apr-22,3
M,FUK,FUK,HKG,HKG,International,Apr-22,12
L,FUK,FUK,NRT,TYO,Domestic,Apr-22,60
M,FUK,FUK,NGO,NGO,Domestic,Apr-22,45
M,FUK,FUK,MYJ,MYJ,Domestic,Apr-22,120
M,FUK,FUK,ITM,OSA,Domestic,Apr-22,87
M,FUK,FUK,HND,TYO,Domestic,Apr-22,11
M,FUK,FUK,MNL,MNL,International,Apr-22,16
M,FUK,FUK,HND,TYO,Domestic,Apr-22,60
M,FUK,FUK,HND,TYO,Domestic,Apr-22,58
M,FUK,FUK,OKA,OKA,Domestic,Apr-22,90
M,FUK,FUK,KMQ,KMQ,Domestic,Apr-22,107
M,FUK,FUK,HND,TYO,Domestic,Apr-22,9
M,FUK,FUK,HND,TYO,Domestic,Apr-22,1
M,FUK,FUK,SDJ,SDJ,Domestic,Apr-22,45
M,FUK,FUK,ITM,OSA,Domestic,Apr-22,1
M,FUK,FUK,HND,TYO,Domestic,Apr-22,5
M,FUK,FUK,ITM,OSA,Domestic,Apr-22,30
M,FUK,FUK,HND,TYO,Domestic,Apr-22,16
M,FUK,FUK,KIJ,KIJ,Domestic,Apr-22,60
M,FUK,FUK,HND,TYO,Domestic,Apr-22,47
L,FUK,FUK,ICN,SEL,International,Apr-22,8
L,FUK,FUK,NGO,NGO,Domestic,Apr-22,104
M,FUK,FUK,HND,TYO,Domestic,Apr-22,92
M,FUK,FUK,KCZ,KCZ,Domestic,Apr-22,42
L,FUK,FUK,KIX,OSA,Domestic,Apr-22,62
M,FUK,FUK,HND,TYO,Domestic,Apr-22,37
L,FUK,FUK,OKA,OKA,Domestic,Apr-22,120
M,FUK,FUK,TPE,TPE,International,Apr-22,13
L,FUK,FUK,OKA,OKA,Domestic,Apr-22,3
M,FUK,FUK,IZO,IZO,Domestic,Apr-22,60
M,FUK,FUK,NKM,NGO,Domestic,Apr-22,150
M,FUK,FUK,CTS,SPK,Domestic,Apr-22,30
M,FUK,FUK,ICN,SEL,International,Apr-22,4
L,FUK,FUK,ISG,ISG,Domestic,Apr-22,30
M,FUK,FUK,OKA,OKA,Domestic,Apr-22,112
L,FUK,FUK,OKA,OKA,Domestic,Apr-22,30
M,FUK,FUK,MNL,MNL,International,Apr-22,2
M,FUK,FUK,HND,TYO,Domestic,Apr-22,5
M,FUK,FUK,HND,TYO,Domestic,Apr-22,1
M,FUK,FUK,TPE,TPE,International,Apr-22,5
M,FUK,FUK,ITM,OSA,Domestic,Apr-22,1
M,FUK,FUK,ITM,OSA,Domestic,Apr-22,60
M,FUK,FUK,NGO,NGO,Domestic,Apr-22,360
M,FUK,FUK,OKA,OKA,Domestic,Apr-22,154
M,FUK,FUK,ITM,OSA,Domestic,Apr-22,30
M,FUK,FUK,HND,TYO,Domestic,Apr-22,246
M,FUK,FUK,HND,TYO,Domestic,Apr-22,219
M,FUK,FUK,TPE,TPE,International,Apr-22,4
M,FUK,FUK,HNA,HNA,Domestic,Apr-22,30
M,FUK,FUK,TPE,TPE,International,Apr-22,13
L,FUK,FUK,OKA,OKA,Domestic,Apr-22,90
M,FUK,FUK,HND,TYO,Domestic,Apr-22,88
M,FUK,FUK,FUJ,FUJ,Domestic,Apr-22,92
M,FUK,FUK,SGN,SGN,International,Apr-22,4
M,FUK,FUK,ITM,OSA,Domestic,Apr-22,29
M,FUK,FUK,KIJ,KIJ,Domestic,Apr-22,30
M,FUK,FUK,CTS,SPK,Domestic,Apr-22,55
M,FUK,FUK,ICN,SEL,International,Apr-22,5
M,FUK,FUK,MNL,MNL,International,Apr-22,6
L,FUK,FUK,CTS,SPK,Domestic,Apr-22,30
L,FUK,FUK,NRT,TYO,Domestic,Apr-22,340
M,FUK,FUK,HND,TYO,Domestic,Apr-22,253
M,FUK,FUK,HND,TYO,Domestic,Apr-22,184
M,FUK,FUK,SIN,SIN,International,Apr-22,9
M,FUK,FUK,FSZ,FSZ,Domestic,Apr-22,120
M,FUK,FUK,ASJ,ASJ,Domestic,Apr-22,30
L,FUK,FUK,KIX,OSA,Domestic,Apr-22,30
M,FUK,FUK,TKS,TKS,Domestic,Apr-22,41
M,FUK,FUK,KUM,KUM,Domestic,Apr-22,30
M,FUK,FUK,SDJ,SDJ,Domestic,Apr-22,150
M,FUK,FUK,TSJ,TSJ,Domestic,Apr-22,150
M,FUK,FUK,KMI,KMI,Domestic,Apr-22,122
M,FUK,FUK,HND,TYO,Domestic,Apr-22,11
M,FUK,FUK,MMJ,MMJ,Domestic,Apr-22,60
M,FUK,FUK,NGO,NGO,Domestic,May-22,49
M,FUK,FUK,HNA,HNA,Domestic,May-22,31
M,FUK,FUK,ICN,SEL,International,May-22,2
M,FUK,FUK,MMJ,MMJ,Domestic,May-22,62
M,FUK,FUK,OKA,OKA,Domestic,May-22,2
M,FUK,FUK,ITM,OSA,Domestic,May-22,31
L,FUK,FUK,IBR,IBR,Domestic,May-22,31
M,FUK,FUK,HND,TYO,Domestic,May-22,84
L,FUK,FUK,KIX,OSA,Domestic,May-22,64
M,FUK,FUK,CTS,SPK,Domestic,May-22,1
M,FUK,FUK,SDJ,SDJ,Domestic,May-22,155
M,FUK,FUK,KIJ,KIJ,Domestic,May-22,62
M,FUK,FUK,ITM,OSA,Domestic,May-22,62
M,FUK,FUK,OKA,OKA,Domestic,May-22,159
M,FUK,FUK,HND,TYO,Domestic,May-22,15
M,FUK,FUK,HND,TYO,Domestic,May-22,49
L,FUK,FUK,OKA,OKA,Domestic,May-22,93
L,FUK,FUK,CTS,SPK,Domestic,May-22,31
M,FUK,FUK,KIJ,KIJ,Domestic,May-22,31
M,FUK,FUK,KMI,KMI,Domestic,May-22,141
M,FUK,FUK,TKS,TKS,Domestic,May-22,62
M,FUK,FUK,NGO,NGO,Domestic,May-22,31
L,FUK,FUK,NGO,NGO,Domestic,May-22,110
L,FUK,FUK,CTS,SPK,Domestic,May-22,31
L,FUK,FUK,NRT,TYO,Domestic,May-22,360
M,FUK,FUK,ITM,OSA,Domestic,May-22,31
L,FUK,FUK,OKA,OKA,Domestic,May-22,31
M,FUK,FUK,KOJ,KOJ,Domestic,May-22,31
M,FUK,FUK,ICN,SEL,International,May-22,4
M,FUK,FUK,MYJ,MYJ,Domestic,May-22,124
L,FUK,FUK,OKA,OKA,Domestic,May-22,9
M,FUK,FUK,IZO,IZO,Domestic,May-22,62
M,FUK,FUK,AXJ,AXJ,Domestic,May-22,93
M,FUK,FUK,HND,TYO,Domestic,May-22,217
M,FUK,FUK,HND,TYO,Domestic,May-22,25
M,FUK,FUK,SDJ,SDJ,Domestic,May-22,62
M,FUK,FUK,FUJ,FUJ,Domestic,May-22,98
L,FUK,FUK,ICN,SEL,International,May-22,12
L,FUK,FUK,ISG,ISG,Domestic,May-22,31
M,FUK,FUK,OKA,OKA,Domestic,May-22,127
M,FUK,FUK,HND,TYO,Domestic,May-22,3
M,FUK,FUK,TPE,TPE,International,May-22,4
M,FUK,FUK,HND,TYO,Domestic,May-22,4
M,FUK,FUK,HND,TYO,Domestic,May-22,6
M,FUK,FUK,HAN,HAN,International,May-22,5
M,FUK,FUK,KCZ,KCZ,Domestic,May-22,62
M,FUK,FUK,NGO,NGO,Domestic,May-22,362
M,FUK,FUK,ITM,OSA,Domestic,May-22,2
M,FUK,FUK,HND,TYO,Domestic,May-22,142
M,FUK,FUK,SGN,SGN,International,May-22,5
L,FUK,FUK,NRT,TYO,Domestic,May-22,62
M,FUK,FUK,KUM,KUM,Domestic,May-22,31
M,FUK,FUK,HKG,HKG,International,May-22,12
M,FUK,FUK,HND,TYO,Domestic,May-22,6
M,FUK,FUK,PUS,PUS,International,May-22,1
M,FUK,FUK,NKM,NGO,Domestic,May-22,155
M,FUK,FUK,ICN,SEL,International,May-22,8
M,FUK,FUK,HND,TYO,Domestic,May-22,34
M,FUK,FUK,MNL,MNL,International,May-22,9
M,FUK,FUK,OKA,OKA,Domestic,May-22,93
L,FUK,FUK,HND,TYO,Domestic,May-22,372
M,FUK,FUK,CTS,SPK,Domestic,May-22,62
M,FUK,FUK,HND,TYO,Domestic,May-22,42
M,FUK,FUK,TPE,TPE,International,May-22,7
L,FUK,FUK,MNL,MNL,International,May-22,5
M,FUK,FUK,TPE,TPE,International,May-22,13
M,FUK,FUK,HND,TYO,Domestic,May-22,275
M,FUK,FUK,ASJ,ASJ,Domestic,May-22,31
M,FUK,FUK,CTS,SPK,Domestic,May-22,30
M,FUK,FUK,ITM,OSA,Domestic,May-22,83
M,FUK,FUK,ITM,OSA,Domestic,May-22,31
M,FUK,FUK,HND,TYO,Domestic,May-22,119
L,FUK,FUK,KIX,OSA,Domestic,May-22,31
M,FUK,FUK,TPE,TPE,International,May-22,12
M,FUK,FUK,HND,TYO,Domestic,May-22,4
M,FUK,FUK,HND,TYO,Domestic,May-22,266
M,FUK,FUK,HND,TYO,Domestic,May-22,62
M,FUK,FUK,TSJ,TSJ,Domestic,May-22,155
L,FUK,FUK,OKA,OKA,Domestic,May-22,124
M,FUK,FUK,HND,TYO,Domestic,May-22,5
M,FUK,FUK,KMI,KMI,Domestic,May-22,217
M,FUK,FUK,HND,TYO,Domestic,May-22,11
M,FUK,FUK,HND,TYO,Domestic,May-22,38
M,FUK,FUK,MNL,MNL,International,May-22,17
M,FUK,FUK,FSZ,FSZ,Domestic,May-22,124
M,FUK,FUK,KMQ,KMQ,Domestic,May-22,116
M,FUK,FUK,ITM,OSA,Domestic,May-22,62
M,FUK,FUK,SIN,SIN,International,May-22,8
M,FUK,FUK,SDJ,SDJ,Domestic,Jun-22,60
M,FUK,FUK,ITM,OSA,Domestic,Jun-22,30
M,FUK,FUK,HND,TYO,Domestic,Jun-22,37
M,FUK,FUK,KCZ,KCZ,Domestic,Jun-22,60
M,FUK,FUK,MMJ,MMJ,Domestic,Jun-22,60
M,FUK,FUK,HND,TYO,Domestic,Jun-22,67
M,FUK,FUK,TKS,TKS,Domestic,Jun-22,60
M,FUK,FUK,HND,TYO,Domestic,Jun-22,10
M,FUK,FUK,MNL,MNL,International,Jun-22,6
M,FUK,FUK,HND,TYO,Domestic,Jun-22,1
M,FUK,FUK,ITM,OSA,Domestic,Jun-22,89
M,FUK,FUK,SGN,SGN,International,Jun-22,4
M,FUK,FUK,KMI,KMI,Domestic,Jun-22,180
M,FUK,FUK,HND,TYO,Domestic,Jun-22,3
M,FUK,FUK,KMQ,KMQ,Domestic,Jun-22,120
M,FUK,FUK,ICN,SEL,International,Jun-22,12
M,FUK,FUK,TPE,TPE,International,Jun-22,15
M,FUK,FUK,KIJ,KIJ,Domestic,Jun-22,30
L,FUK,FUK,ISG,ISG,Domestic,Jun-22,30
L,FUK,FUK,OKA,OKA,Domestic,Jun-22,115
M,FUK,FUK,CTS,SPK,Domestic,Jun-22,29
L,FUK,FUK,MNL,MNL,International,Jun-22,4
L,FUK,FUK,HND,TYO,Domestic,Jun-22,360
L,FUK,FUK,OKA,OKA,Domestic,Jun-22,30
M,FUK,FUK,IZO,IZO,Domestic,Jun-22,60
M,FUK,FUK,NGO,NGO,Domestic,Jun-22,30
M,FUK,FUK,HND,TYO,Domestic,Jun-22,5
M,FUK,FUK,MNL,MNL,International,Jun-22,1
M,FUK,FUK,HND,TYO,Domestic,Jun-22,240
M,FUK,FUK,ASJ,ASJ,Domestic,Jun-22,30
M,FUK,FUK,OKA,OKA,Domestic,Jun-22,90
M,FUK,FUK,SDJ,SDJ,Domestic,Jun-22,150
L,FUK,FUK,KIX,OSA,Domestic,Jun-22,30
M,FUK,FUK,KIJ,KIJ,Domestic,Jun-22,60
M,FUK,FUK,HND,TYO,Domestic,Jun-22,207
M,FUK,FUK,OKA,OKA,Domestic,Jun-22,171
M,FUK,FUK,HNA,HNA,Domestic,Jun-22,30
M,FUK,FUK,TPE,TPE,International,Jun-22,8
L,FUK,FUK,NGO,NGO,Domestic,Jun-22,102
M,FUK,FUK,ITM,OSA,Domestic,Jun-22,30
L,FUK,FUK,NRT,TYO,Domestic,Jun-22,51
M,FUK,FUK,PUS,PUS,International,Jun-22,4
L,FUK,FUK,NRT,TYO,Domestic,Jun-22,308
M,FUK,FUK,HND,TYO,Domestic,Jun-22,21
M,FUK,FUK,HKG,HKG,International,Jun-22,9
M,FUK,FUK,HND,TYO,Domestic,Jun-22,30
L,FUK,FUK,CTS,SPK,Domestic,Jun-22,30
M,FUK,FUK,HND,TYO,Domestic,Jun-22,11
M,FUK,FUK,KUM,KUM,Domestic,Jun-22,30
M,FUK,FUK,HND,TYO,Domestic,Jun-22,3
L,FUK,FUK,IBR,IBR,Domestic,Jun-22,30
M,FUK,FUK,CTS,SPK,Domestic,Jun-22,1
M,FUK,FUK,HND,TYO,Domestic,Jun-22,30
M,FUK,FUK,NGO,NGO,Domestic,Jun-22,37
M,FUK,FUK,HND,TYO,Domestic,Jun-22,299
M,FUK,FUK,TPE,TPE,International,Jun-22,4
M,FUK,FUK,OKA,OKA,Domestic,Jun-22,4
M,FUK,FUK,NGO,NGO,Domestic,Jun-22,210
L,FUK,FUK,ICN,SEL,International,Jun-22,17
M,FUK,FUK,MNL,MNL,International,Jun-22,23
M,FUK,FUK,KMI,KMI,Domestic,Jun-22,210
M,FUK,FUK,ITM,OSA,Domestic,Jun-22,1
M,FUK,FUK,FSZ,FSZ,Domestic,Jun-22,120
L,FUK,FUK,CTS,SPK,Domestic,Jun-22,30
M,FUK,FUK,SIN,SIN,International,Jun-22,9
M,FUK,FUK,OKA,OKA,Domestic,Jun-22,127
M,FUK,FUK,KOJ,KOJ,Domestic,Jun-22,30
M,FUK,FUK,ITM,OSA,Domestic,Jun-22,60
M,FUK,FUK,AXJ,AXJ,Domestic,Jun-22,90
M,FUK,FUK,ITM,OSA,Domestic,Jun-22,60
M,FUK,FUK,NGO,NGO,Domestic,Jun-22,1
M,FUK,FUK,ITM,OSA,Domestic,Jun-22,30
M,FUK,FUK,HND,TYO,Domestic,Jun-22,60
M,FUK,FUK,TPE,TPE,International,Jun-22,12
M,FUK,FUK,TSJ,TSJ,Domestic,Jun-22,150
M,FUK,FUK,HND,TYO,Domestic,Jun-22,135
M,FUK,FUK,HAN,HAN,International,Jun-22,4
M,FUK,FUK,CTS,SPK,Domestic,Jun-22,60
L,FUK,FUK,KIX,OSA,Domestic,Jun-22,64
M,FUK,FUK,HND,TYO,Domestic,Jun-22,136
M,FUK,FUK,MYJ,MYJ,Domestic,Jun-22,120
M,FUK,FUK,ICN,SEL,International,Jun-22,5
M,FUK,FUK,HND,TYO,Domestic,Jun-22,25
M,FUK,FUK,NKM,NGO,Domestic,Jun-22,150
L,FUK,FUK,OKA,OKA,Domestic,Jun-22,90
M,FUK,FUK,ICN,SEL,International,Jun-22,1
L,FUK,FUK,OKA,OKA,Domestic,Jun-22,22
M,FUK,FUK,FUJ,FUJ,Domestic,Jun-22,90
L,FUK,FUK,NRT,TYO,Domestic,Jul-22,30
M,FUK,FUK,MNL,MNL,International,Jul-22,30
M,FUK,FUK,PUS,PUS,International,Jul-22,1
M,FUK,FUK,KCZ,KCZ,Domestic,Jul-22,62
L,FUK,FUK,NRT,TYO,Domestic,Jul-22,310
M,FUK,FUK,ITM,OSA,Domestic,Jul-22,93
L,FUK,FUK,CTS,SPK,Domestic,Jul-22,33
M,FUK,FUK,HND,TYO,Domestic,Jul-22,57
M,FUK,FUK,NGO,NGO,Domestic,Jul-22,217
M,FUK,FUK,ITM,OSA,Domestic,Jul-22,31
M,FUK,FUK,SIN,SIN,International,Jul-22,9
M,FUK,FUK,FSZ,FSZ,Domestic,Jul-22,124
M,FUK,FUK,SDJ,SDJ,Domestic,Jul-22,62
L,FUK,FUK,HND,TYO,Domestic,Jul-22,372
M,FUK,FUK,HND,TYO,Domestic,Jul-22,62
M,FUK,FUK,HND,TYO,Domestic,Jul-22,190
M,FUK,FUK,NGO,NGO,Domestic,Jul-22,31
M,FUK,FUK,HND,TYO,Domestic,Jul-22,5
M,FUK,FUK,SGN,SGN,International,Jul-22,10
M,FUK,FUK,CTS,SPK,Domestic,Jul-22,62
M,FUK,FUK,HND,TYO,Domestic,Jul-22,47
M,FUK,FUK,HND,TYO,Domestic,Jul-22,77
M,FUK,FUK,HAN,HAN,International,Jul-22,1
M,FUK,FUK,OKA,OKA,Domestic,Jul-22,93
M,FUK,FUK,MYJ,MYJ,Domestic,Jul-22,124
M,FUK,FUK,KIJ,KIJ,Domestic,Jul-22,31
M,FUK,FUK,ITM,OSA,Domestic,Jul-22,31
M,FUK,FUK,MMJ,MMJ,Domestic,Jul-22,62
M,FUK,FUK,HND,TYO,Domestic,Jul-22,135
M,FUK,FUK,SDJ,SDJ,Domestic,Jul-22,155
M,FUK,FUK,HND,TYO,Domestic,Jul-22,1
M,FUK,FUK,ITM,OSA,Domestic,Jul-22,62
M,FUK,FUK,ICN,SEL,International,Jul-22,4
M,FUK,FUK,HND,TYO,Domestic,Jul-22,5
L,FUK,FUK,NRT,TYO,Domestic,Jul-22,56
M,FUK,FUK,HKG,HKG,International,Jul-22,8
M,FUK,FUK,PUS,PUS,International,Jul-22,7
M,FUK,FUK,HND,TYO,Domestic,Jul-22,1
M,FUK,FUK,TPE,TPE,International,Jul-22,8
L,FUK,FUK,OKA,OKA,Domestic,Jul-22,23
L,FUK,FUK,HAN,HAN,International,Jul-22,13
M,FUK,FUK,HND,TYO,Domestic,Jul-22,22
M,FUK,FUK,HND,TYO,Domestic,Jul-22,44
M,FUK,FUK,KMI,KMI,Domestic,Jul-22,217
M,FUK,FUK,OKA,OKA,Domestic,Jul-22,155
M,FUK,FUK,KUM,KUM,Domestic,Jul-22,31
M,FUK,FUK,KMI,KMI,Domestic,Jul-22,186
M,FUK,FUK,HND,TYO,Domestic,Jul-22,20
M,FUK,FUK,IZO,IZO,Domestic,Jul-22,62
M,FUK,FUK,ASJ,ASJ,Domestic,Jul-22,31
L,FUK,FUK,OKA,OKA,Domestic,Jul-22,31
M,FUK,FUK,TPE,TPE,International,Jul-22,14
L,FUK,FUK,ICN,SEL,International,Jul-22,37
M,FUK,FUK,ICN,SEL,International,Jul-22,6
M,FUK,FUK,HND,TYO,Domestic,Jul-22,61
M,FUK,FUK,CTS,SPK,Domestic,Jul-22,9
M,FUK,FUK,ITM,OSA,Domestic,Jul-22,31
M,FUK,FUK,MNL,MNL,International,Jul-22,1
L,FUK,FUK,BKK,BKK,International,Jul-22,7
M,FUK,FUK,CTS,SPK,Domestic,Jul-22,31
M,FUK,FUK,KMQ,KMQ,Domestic,Jul-22,124
M,FUK,FUK,FUJ,FUJ,Domestic,Jul-22,93
M,FUK,FUK,ICN,SEL,International,Jul-22,17
M,FUK,FUK,HND,TYO,Domestic,Jul-22,307
M,FUK,FUK,HND,TYO,Domestic,Jul-22,255
L,FUK,FUK,CTS,SPK,Domestic,Jul-22,31
M,FUK,FUK,HND,TYO,Domestic,Jul-22,17
M,FUK,FUK,TSJ,TSJ,Domestic,Jul-22,155
L,FUK,FUK,KIX,OSA,Domestic,Jul-22,31
M,FUK,FUK,TPE,TPE,International,Jul-22,12
M,FUK,FUK,HAN,HAN,International,Jul-22,8
M,FUK,FUK,HND,TYO,Domestic,Jul-22,2
M,FUK,FUK,TKS,TKS,Domestic,Jul-22,62
L,FUK,FUK,ISG,ISG,Domestic,Jul-22,31
M,FUK,FUK,NGO,NGO,Domestic,Jul-22,61
M,FUK,FUK,OKA,OKA,Domestic,Jul-22,186
M,FUK,FUK,HNA,HNA,Domestic,Jul-22,31
M,FUK,FUK,KIJ,KIJ,Domestic,Jul-22,62
L,FUK,FUK,KIX,OSA,Domestic,Jul-22,77
L,FUK,FUK,MNL,MNL,International,Jul-22,6
M,FUK,FUK,ICN,SEL,International,Jul-22,9
L,FUK,FUK,IBR,IBR,Domestic,Jul-22,31
L,FUK,FUK,OKA,OKA,Domestic,Jul-22,124
M,FUK,FUK,NKM,NGO,Domestic,Jul-22,155
M,FUK,FUK,TPE,TPE,International,Jul-22,10
M,FUK,FUK,CTS,SPK,Domestic,Jul-22,31
M,FUK,FUK,KOJ,KOJ,Domestic,Jul-22,31
M,FUK,FUK,HND,TYO,Domestic,Jul-22,34
M,FUK,FUK,AXJ,AXJ,Domestic,Jul-22,93
M,FUK,FUK,HND,TYO,Domestic,Jul-22,1
L,FUK,FUK,OKA,OKA,Domestic,Jul-22,93
M,FUK,FUK,ITM,OSA,Domestic,Jul-22,31
M,FUK,FUK,HND,TYO,Domestic,Jul-22,40
L,FUK,FUK,NGO,NGO,Domestic,Jul-22,116
M,FUK,FUK,CTS,SPK,Domestic,Aug-22,31
M,FUK,FUK,NGO,NGO,Domestic,Aug-22,30
M,FUK,FUK,TPE,TPE,International,Aug-22,9
M,FUK,FUK,ITM,OSA,Domestic,Aug-22,31
M,FUK,FUK,SDJ,SDJ,Domestic,Aug-22,62
L,FUK,FUK,MNL,MNL,International,Aug-22,13
M,FUK,FUK,SGN,SGN,International,Aug-22,8
M,FUK,FUK,NGO,NGO,Domestic,Aug-22,31
L,FUK,FUK,NGO,NGO,Domestic,Aug-22,124
M,FUK,FUK,HND,TYO,Domestic,Aug-22,65
M,FUK,FUK,HND,TYO,Domestic,Aug-22,49
L,FUK,FUK,HKG,HKG,International,Aug-22,5
M,FUK,FUK,KMI,KMI,Domestic,Aug-22,217
L,FUK,FUK,TPE,TPE,International,Aug-22,6
M,FUK,FUK,HND,TYO,Domestic,Aug-22,6
M,FUK,FUK,ICN,SEL,International,Aug-22,8
M,FUK,FUK,MNL,MNL,International,Aug-22,1
M,FUK,FUK,OKA,OKA,Domestic,Aug-22,186
M,FUK,FUK,TPE,TPE,International,Aug-22,13
M,FUK,FUK,OKA,OKA,Domestic,Aug-22,1
M,FUK,FUK,HND,TYO,Domestic,Aug-22,31
M,FUK,FUK,ICN,SEL,International,Aug-22,5
M,FUK,FUK,HAN,HAN,International,Aug-22,1
M,FUK,FUK,HND,TYO,Domestic,Aug-22,14
M,FUK,FUK,TPE,TPE,International,Aug-22,10
M,FUK,FUK,HND,TYO,Domestic,Aug-22,1
M,FUK,FUK,NKM,NGO,Domestic,Aug-22,155
M,FUK,FUK,HND,TYO,Domestic,Aug-22,51
M,FUK,FUK,KUM,KUM,Domestic,Aug-22,31
M,FUK,FUK,KIJ,KIJ,Domestic,Aug-22,62
M,FUK,FUK,SDJ,SDJ,Domestic,Aug-22,155
M,FUK,FUK,HKG,HKG,International,Aug-22,9
L,FUK,FUK,ICN,SEL,International,Aug-22,3
M,FUK,FUK,PUS,PUS,International,Aug-22,9
M,FUK,FUK,ASJ,ASJ,Domestic,Aug-22,31
M,FUK,FUK,ITM,OSA,Domestic,Aug-22,62
M,FUK,FUK,FSZ,FSZ,Domestic,Aug-22,124
M,FUK,FUK,OKA,OKA,Domestic,Aug-22,115
M,FUK,FUK,KMQ,KMQ,Domestic,Aug-22,118
M,FUK,FUK,HNA,HNA,Domestic,Aug-22,31
M,FUK,FUK,ITM,OSA,Domestic,Aug-22,42
L,FUK,FUK,NRT,TYO,Domestic,Aug-22,62
M,FUK,FUK,MMJ,MMJ,Domestic,Aug-22,62
M,FUK,FUK,MNL,MNL,International,Aug-22,29
M,FUK,FUK,SIN,SIN,International,Aug-22,8
L,FUK,FUK,BKK,BKK,International,Aug-22,14
M,FUK,FUK,MNL,MNL,International,Aug-22,1
M,FUK,FUK,MYJ,MYJ,Domestic,Aug-22,124
L,FUK,FUK,NRT,TYO,Domestic,Aug-22,365
M,FUK,FUK,HND,TYO,Domestic,Aug-22,17
L,FUK,FUK,CTS,SPK,Domestic,Aug-22,31
M,FUK,FUK,MMY,MMY,Domestic,Aug-22,11
M,FUK,FUK,HND,TYO,Domestic,Aug-22,62
M,FUK,FUK,CTS,SPK,Domestic,Aug-22,62
M,FUK,FUK,TPE,TPE,International,Aug-22,14
L,FUK,FUK,NRT,TYO,Domestic,Aug-22,30
M,FUK,FUK,HND,TYO,Domestic,Aug-22,336
M,FUK,FUK,TSJ,TSJ,Domestic,Aug-22,160
M,FUK,FUK,HND,TYO,Domestic,Aug-22,248
M,FUK,FUK,HND,TYO,Domestic,Aug-22,140
M,FUK,FUK,HND,TYO,Domestic,Aug-22,62
L,FUK,FUK,IBR,IBR,Domestic,Aug-22,31
M,FUK,FUK,GUM,GUM,International,Aug-22,8
M,FUK,FUK,ITM,OSA,Domestic,Aug-22,31
M,FUK,FUK,ITM,OSA,Domestic,Aug-22,82
M,FUK,FUK,KOJ,KOJ,Domestic,Aug-22,31
M,FUK,FUK,FUJ,FUJ,Domestic,Aug-22,101
L,FUK,FUK,HND,TYO,Domestic,Aug-22,372
M,FUK,FUK,OKA,OKA,Domestic,Aug-22,38
M,FUK,FUK,NGO,NGO,Domestic,Aug-22,32
M,FUK,FUK,ICN,SEL,International,Aug-22,13
M,FUK,FUK,AXJ,AXJ,Domestic,Aug-22,93
L,FUK,FUK,OKA,OKA,Domestic,Aug-22,31
L,FUK,FUK,OKA,OKA,Domestic,Aug-22,124
L,FUK,FUK,CTS,SPK,Domestic,Aug-22,33
M,FUK,FUK,HND,TYO,Domestic,Aug-22,35
M,FUK,FUK,TKS,TKS,Domestic,Aug-22,62
L,FUK,FUK,HAN,HAN,International,Aug-22,13
M,FUK,FUK,KIJ,KIJ,Domestic,Aug-22,31
M,FUK,FUK,KMI,KMI,Domestic,Aug-22,168
L,FUK,FUK,ISG,ISG,Domestic,Aug-22,31
M,FUK,FUK,ITM,OSA,Domestic,Aug-22,31
M,FUK,FUK,HND,TYO,Domestic,Aug-22,1
M,FUK,FUK,ICN,SEL,International,Aug-22,5
L,FUK,FUK,OKA,OKA,Domestic,Aug-22,93
L,FUK,FUK,KIX,OSA,Domestic,Aug-22,31
L,FUK,FUK,ICN,SEL,International,Aug-22,44
M,FUK,FUK,OKA,OKA,Domestic,Aug-22,83
M,FUK,FUK,HND,TYO,Domestic,Aug-22,1
M,FUK,FUK,HND,TYO,Domestic,Aug-22,205
M,FUK,FUK,KCZ,KCZ,Domestic,Aug-22,62
M,FUK,FUK,HAN,HAN,International,Aug-22,13
M,FUK,FUK,NGO,NGO,Domestic,Aug-22,214
M,FUK,FUK,ICN,SEL,International,Aug-22,2
L,FUK,FUK,OKA,OKA,Domestic,Aug-22,31
L,FUK,FUK,KIX,OSA,Domestic,Aug-22,70
M,FUK,FUK,CTS,SPK,Domestic,Aug-22,31
M,FUK,FUK,IZO,IZO,Domestic,Aug-22,62
M,FUK,FUK,HND,TYO,Domestic,Aug-22,39
M,FUK,FUK,HND,TYO,Domestic,Sep-22,6
L,FUK,FUK,ICN,SEL,International,Sep-22,4
L,FUK,FUK,KIX,OSA,Domestic,Sep-22,30
M,FUK,FUK,KIJ,KIJ,Domestic,Sep-22,60
M,FUK,FUK,ITM,OSA,Domestic,Sep-22,60
M,FUK,FUK,KMQ,KMQ,Domestic,Sep-22,120
M,FUK,FUK,SDJ,SDJ,Domestic,Sep-22,150
M,FUK,FUK,HND,TYO,Domestic,Sep-22,190
M,FUK,FUK,ASJ,ASJ,Domestic,Sep-22,30
L,FUK,FUK,BKK,BKK,International,Sep-22,17
M,FUK,FUK,HKG,HKG,International,Sep-22,9
M,FUK,FUK,HNA,HNA,Domestic,Sep-22,30
L,FUK,FUK,MNL,MNL,International,Sep-22,13
M,FUK,FUK,HND,TYO,Domestic,Sep-22,1
M,FUK,FUK,HND,TYO,Domestic,Sep-22,31
L,FUK,FUK,OKA,OKA,Domestic,Sep-22,120
M,FUK,FUK,HND,TYO,Domestic,Sep-22,37
M,FUK,FUK,ITM,OSA,Domestic,Sep-22,1
L,FUK,FUK,CTS,SPK,Domestic,Sep-22,32
M,FUK,FUK,NGO,NGO,Domestic,Sep-22,30
M,FUK,FUK,TPE,TPE,International,Sep-22,2
L,FUK,FUK,OKA,OKA,Domestic,Sep-22,30
M,FUK,FUK,OKA,OKA,Domestic,Sep-22,180
L,FUK,FUK,HND,TYO,Domestic,Sep-22,360
M,FUK,FUK,CTS,SPK,Domestic,Sep-22,30
M,FUK,FUK,KIJ,KIJ,Domestic,Sep-22,30
M,FUK,FUK,ITM,OSA,Domestic,Sep-22,1
L,FUK,FUK,IBR,IBR,Domestic,Sep-22,30
M,FUK,FUK,OKA,OKA,Domestic,Sep-22,23
M,FUK,FUK,HND,TYO,Domestic,Sep-22,300
M,FUK,FUK,TPE,TPE,International,Sep-22,11
M,FUK,FUK,NGO,NGO,Domestic,Sep-22,60
M,FUK,FUK,HND,TYO,Domestic,Sep-22,240
M,FUK,FUK,ICN,SEL,International,Sep-22,11
M,FUK,FUK,ITM,OSA,Domestic,Sep-22,30
M,FUK,FUK,PUS,PUS,International,Sep-22,10
L,FUK,FUK,NGO,NGO,Domestic,Sep-22,102
M,FUK,FUK,HND,TYO,Domestic,Sep-22,2
L,FUK,FUK,NRT,TYO,Domestic,Sep-22,60
M,FUK,FUK,TPE,TPE,International,Sep-22,12
M,FUK,FUK,HND,TYO,Domestic,Sep-22,1
M,FUK,FUK,CTS,SPK,Domestic,Sep-22,30
L,FUK,FUK,NRT,TYO,Domestic,Sep-22,308
L,FUK,FUK,CTS,SPK,Domestic,Sep-22,30
M,FUK,FUK,HND,TYO,Domestic,Sep-22,73
M,FUK,FUK,TPE,TPE,International,Sep-22,9
M,FUK,FUK,HND,TYO,Domestic,Sep-22,21
M,FUK,FUK,ICN,SEL,International,Sep-22,5
M,FUK,FUK,SDJ,SDJ,Domestic,Sep-22,60
M,FUK,FUK,FUJ,FUJ,Domestic,Sep-22,90
M,FUK,FUK,HND,TYO,Domestic,Sep-22,105
M,FUK,FUK,TPE,TPE,International,Sep-22,18
L,FUK,FUK,NRT,TYO,Domestic,Sep-22,29
M,FUK,FUK,OKA,OKA,Domestic,Sep-22,90
M,FUK,FUK,ITM,OSA,Domestic,Sep-22,29
M,FUK,FUK,MMJ,MMJ,Domestic,Sep-22,60
L,FUK,FUK,ICN,SEL,International,Sep-22,32
M,FUK,FUK,HND,TYO,Domestic,Sep-22,75
M,FUK,FUK,HND,TYO,Domestic,Sep-22,2
M,FUK,FUK,MNL,MNL,International,Sep-22,2
M,FUK,FUK,GUM,GUM,International,Sep-22,9
M,FUK,FUK,ITM,OSA,Domestic,Sep-22,85
M,FUK,FUK,SGN,SGN,International,Sep-22,9
M,FUK,FUK,HND,TYO,Domestic,Sep-22,6
M,FUK,FUK,AXJ,AXJ,Domestic,Sep-22,90
M,FUK,FUK,MNL,MNL,International,Sep-22,28
M,FUK,FUK,ICN,SEL,International,Sep-22,9
M,FUK,FUK,NKM,NGO,Domestic,Sep-22,150
L,FUK,FUK,TPE,TPE,International,Sep-22,30
M,FUK,FUK,ITM,OSA,Domestic,Sep-22,30
M,FUK,FUK,SIN,SIN,International,Sep-22,9
M,FUK,FUK,KMI,KMI,Domestic,Sep-22,210
L,FUK,FUK,OKA,OKA,Domestic,Sep-22,30
M,FUK,FUK,FSZ,FSZ,Domestic,Sep-22,120
L,FUK,FUK,HAN,HAN,International,Sep-22,13
L,FUK,FUK,HKG,HKG,International,Sep-22,13
M,FUK,FUK,KMI,KMI,Domestic,Sep-22,180
L,FUK,FUK,OKA,OKA,Domestic,Sep-22,90
M,FUK,FUK,HND,TYO,Domestic,Sep-22,53
L,FUK,FUK,ISG,ISG,Domestic,Sep-22,30
M,FUK,FUK,KOJ,KOJ,Domestic,Sep-22,30
M,FUK,FUK,ITM,OSA,Domestic,Sep-22,30
M,FUK,FUK,OKA,OKA,Domestic,Sep-22,124
M,FUK,FUK,NGO,NGO,Domestic,Sep-22,180
M,FUK,FUK,TKS,TKS,Domestic,Sep-22,60
M,FUK,FUK,HND,TYO,Domestic,Sep-22,28
M,FUK,FUK,HND,TYO,Domestic,Sep-22,5
M,FUK,FUK,KUM,KUM,Domestic,Sep-22,30
M,FUK,FUK,HAN,HAN,International,Sep-22,12
M,FUK,FUK,HND,TYO,Domestic,Sep-22,60
M,FUK,FUK,HND,TYO,Domestic,Sep-22,33
M,FUK,FUK,KCZ,KCZ,Domestic,Sep-22,60
M,FUK,FUK,TSJ,TSJ,Domestic,Sep-22,150
M,FUK,FUK,OKA,OKA,Domestic,Sep-22,3
L,FUK,FUK,KIX,OSA,Domestic,Sep-22,70
M,FUK,FUK,MYJ,MYJ,Domestic,Sep-22,120
M,FUK,FUK,HND,TYO,Domestic,Sep-22,1
M,FUK,FUK,HND,TYO,Domestic,Sep-22,55
M,FUK,FUK,IZO,IZO,Domestic,Sep-22,60
M,FUK,FUK,CTS,SPK,Domestic,Sep-22,60
L,FUK,FUK,NRT,TYO,Domestic,Oct-22,286
M,FUK,FUK,HKG,HKG,International,Oct-22,8
M,FUK,FUK,MNL,MNL,International,Oct-22,4
M,FUK,FUK,HND,TYO,Domestic,Oct-22,32
L,FUK,FUK,CTS,SPK,Domestic,Oct-22,2
L,FUK,FUK,CTS,SPK,Domestic,Oct-22,29
M,FUK,FUK,CTS,SPK,Domestic,Oct-22,1
M,FUK,FUK,KIJ,KIJ,Domestic,Oct-22,62
L,FUK,FUK,DMK,BKK,International,Oct-22,9
M,FUK,FUK,CTS,SPK,Domestic,Oct-22,28
M,FUK,FUK,HND,TYO,Domestic,Oct-22,1
M,FUK,FUK,HND,TYO,Domestic,Oct-22,33
L,FUK,FUK,HAN,HAN,International,Oct-22,13
L,FUK,FUK,ICN,SEL,International,Oct-22,58
M,FUK,FUK,SGN,SGN,International,Oct-22,9
M,FUK,FUK,ICN,SEL,International,Oct-22,9
L,FUK,FUK,BKK,BKK,International,Oct-22,22
L,FUK,FUK,MNL,MNL,International,Oct-22,1
L,FUK,FUK,ICN,SEL,International,Oct-22,71
M,FUK,FUK,CTS,SPK,Domestic,Oct-22,24
M,FUK,FUK,OKA,OKA,Domestic,Oct-22,137
L,FUK,FUK,ISG,ISG,Domestic,Oct-22,31
L,FUK,FUK,KIX,OSA,Domestic,Oct-22,31
L,FUK,FUK,OKA,OKA,Domestic,Oct-22,31
M,FUK,FUK,HND,TYO,Domestic,Oct-22,1
M,FUK,FUK,TSJ,TSJ,Domestic,Oct-22,155
M,FUK,FUK,HND,TYO,Domestic,Oct-22,249
M,FUK,FUK,ITM,OSA,Domestic,Oct-22,38
M,FUK,FUK,NGO,NGO,Domestic,Oct-22,186
M,FUK,FUK,TPE,TPE,International,Oct-22,10
M,FUK,FUK,HND,TYO,Domestic,Oct-22,281
M,FUK,FUK,BKK,BKK,International,Oct-22,1
L,FUK,FUK,HND,TYO,Domestic,Oct-22,348
L,FUK,FUK,PUS,PUS,International,Oct-22,31
M,FUK,FUK,MYJ,MYJ,Domestic,Oct-22,124
L,FUK,FUK,HKG,HKG,International,Oct-22,26
M,FUK,FUK,HND,TYO,Domestic,Oct-22,4
M,FUK,FUK,ICN,SEL,International,Oct-22,5
M,FUK,FUK,AXJ,AXJ,Domestic,Oct-22,93
M,FUK,FUK,NKM,NGO,Domestic,Oct-22,155
M,FUK,FUK,ICN,SEL,International,Oct-22,5
M,FUK,FUK,FUJ,FUJ,Domestic,Oct-22,93
M,FUK,FUK,ICN,SEL,International,Oct-22,4
L,FUK,FUK,TPE,TPE,International,Oct-22,31
M,FUK,FUK,IZO,IZO,Domestic,Oct-22,62
M,FUK,FUK,KOJ,KOJ,Domestic,Oct-22,31
L,FUK,FUK,OKA,OKA,Domestic,Oct-22,29
M,FUK,FUK,CTS,SPK,Domestic,Oct-22,62
M,FUK,FUK,ICN,SEL,International,Oct-22,14
L,FUK,FUK,OKA,OKA,Domestic,Oct-22,87
M,FUK,FUK,HND,TYO,Domestic,Oct-22,2
M,FUK,FUK,ITM,OSA,Domestic,Oct-22,31
M,FUK,FUK,NGO,NGO,Domestic,Oct-22,62
M,FUK,FUK,KCZ,KCZ,Domestic,Oct-22,62
L,FUK,FUK,PUS,PUS,International,Oct-22,4
L,FUK,FUK,NRT,TYO,Domestic,Oct-22,58
L,FUK,FUK,IBR,IBR,Domestic,Oct-22,29
L,FUK,FUK,NGO,NGO,Domestic,Oct-22,108
M,FUK,FUK,HND,TYO,Domestic,Oct-22,3
M,FUK,FUK,KIJ,KIJ,Domestic,Oct-22,31
M,FUK,FUK,KUM,KUM,Domestic,Oct-22,33
M,FUK,FUK,HND,TYO,Domestic,Oct-22,28
M,FUK,FUK,HND,TYO,Domestic,Oct-22,33
M,FUK,FUK,TKS,TKS,Domestic,Oct-22,62
L,FUK,FUK,KIX,OSA,Domestic,Oct-22,63
M,FUK,FUK,PUS,PUS,International,Oct-22,16
M,FUK,FUK,TPE,TPE,International,Oct-22,25
L,FUK,FUK,ICN,SEL,International,Oct-22,3
M,FUK,FUK,PUS,PUS,International,Oct-22,2
M,FUK,FUK,ITM,OSA,Domestic,Oct-22,87
M,FUK,FUK,FSZ,FSZ,Domestic,Oct-22,124
M,FUK,FUK,HND,TYO,Domestic,Oct-22,1
M,FUK,FUK,HND,TYO,Domestic,Oct-22,4
M,FUK,FUK,OKA,OKA,Domestic,Oct-22,18
M,FUK,FUK,TPE,TPE,International,Oct-22,17
M,FUK,FUK,ITM,OSA,Domestic,Oct-22,30
M,FUK,FUK,BKK,BKK,International,Oct-22,1
M,FUK,FUK,MMJ,MMJ,Domestic,Oct-22,62
M,FUK,FUK,KMI,KMI,Domestic,Oct-22,186
M,FUK,FUK,SDJ,SDJ,Domestic,Oct-22,62
L,FUK,FUK,OKA,OKA,Domestic,Oct-22,126
M,FUK,FUK,MNL,MNL,International,Oct-22,27
L,FUK,FUK,ICN,SEL,International,Oct-22,2
M,FUK,FUK,SIN,SIN,International,Oct-22,9
M,FUK,FUK,KMQ,KMQ,Domestic,Oct-22,124
M,FUK,FUK,ITM,OSA,Domestic,Oct-22,62
M,FUK,FUK,CTS,SPK,Domestic,Oct-22,7
M,FUK,FUK,KMI,KMI,Domestic,Oct-22,217
L,FUK,FUK,NRT,TYO,Domestic,Oct-22,30
M,FUK,FUK,PUS,PUS,International,Oct-22,26
L,FUK,FUK,CTS,SPK,Domestic,Oct-22,29
M,FUK,FUK,HND,TYO,Domestic,Oct-22,109
M,FUK,FUK,HAN,HAN,International,Oct-22,13
M,FUK,FUK,HND,TYO,Domestic,Oct-22,1
M,FUK,FUK,NGO,NGO,Domestic,Oct-22,31
M,FUK,FUK,ITM,OSA,Domestic,Oct-22,62
M,FUK,FUK,HND,TYO,Domestic,Oct-22,168
M,FUK,FUK,HND,TYO,Domestic,Oct-22,51
M,FUK,FUK,HND,TYO,Domestic,Oct-22,62
M,FUK,FUK,GUM,GUM,International,Oct-22,7
M,FUK,FUK,SDJ,SDJ,Domestic,Oct-22,155
M,FUK,FUK,OKA,OKA,Domestic,Oct-22,186
M,FUK,FUK,OKA,OKA,Domestic,Oct-22,93
M,FUK,FUK,HNA,HNA,Domestic,Oct-22,31
M,FUK,FUK,HND,TYO,Domestic,Oct-22,79
L,FUK,FUK,NRT,TYO,Domestic,Oct-22,2
M,FUK,FUK,ASJ,ASJ,Domestic,Oct-22,31
L,FUK,FUK,MNL,MNL,International,Oct-22,13
M,FUK,FUK,HND,TYO,Domestic,Oct-22,121
M,FUK,FUK,CTS,SPK,Domestic,Oct-22,2
M,FUK,FUK,HND,TYO,Domestic,Oct-22,109
M,FUK,FUK,TPE,TPE,International,Oct-22,13
M,FUK,FUK,FSZ,FSZ,Domestic,Nov-22,120
M,FUK,FUK,HND,TYO,Domestic,Nov-22,46
L,FUK,FUK,ICN,SEL,International,Nov-22,99
M,FUK,FUK,ITM,OSA,Domestic,Nov-22,119
L,FUK,FUK,HKG,HKG,International,Nov-22,47
M,FUK,FUK,ICN,SEL,International,Nov-22,6
M,FUK,FUK,ITM,OSA,Domestic,Nov-22,60
M,FUK,FUK,AXJ,AXJ,Domestic,Nov-22,90
M,FUK,FUK,HND,TYO,Domestic,Nov-22,30
M,FUK,FUK,ITM,OSA,Domestic,Nov-22,60
L,FUK,FUK,TPE,TPE,International,Nov-22,21
M,FUK,FUK,MNL,MNL,International,Nov-22,23
M,FUK,FUK,HND,TYO,Domestic,Nov-22,81
M,FUK,FUK,SIN,SIN,International,Nov-22,13
M,FUK,FUK,KOJ,KOJ,Domestic,Nov-22,30
M,FUK,FUK,ICN,SEL,International,Nov-22,29
L,FUK,FUK,OKA,OKA,Domestic,Nov-22,55
M,FUK,FUK,OKA,OKA,Domestic,Nov-22,150
L,FUK,FUK,BKK,BKK,International,Nov-22,28
M,FUK,FUK,ITM,OSA,Domestic,Nov-22,58
M,FUK,FUK,HND,TYO,Domestic,Nov-22,1
M,FUK,FUK,SGN,SGN,International,Nov-22,8
M,FUK,FUK,HND,TYO,Domestic,Nov-22,10
L,FUK,FUK,CTS,SPK,Domestic,Nov-22,30
L,FUK,FUK,ISG,ISG,Domestic,Nov-22,21
M,FUK,FUK,HND,TYO,Domestic,Nov-22,1
L,FUK,FUK,NRT,TYO,Domestic,Nov-22,44
M,FUK,FUK,HND,TYO,Domestic,Nov-22,2
M,FUK,FUK,KMI,KMI,Domestic,Nov-22,180
M,FUK,FUK,TPE,TPE,International,Nov-22,5
M,FUK,FUK,HND,TYO,Domestic,Nov-22,115
M,FUK,FUK,GUM,GUM,International,Nov-22,8
M,FUK,FUK,MNL,MNL,International,Nov-22,7
L,FUK,FUK,ICN,SEL,International,Nov-22,20
M,FUK,FUK,TPE,TPE,International,Nov-22,26
M,FUK,FUK,MMJ,MMJ,Domestic,Nov-22,60
L,FUK,FUK,ICN,SEL,International,Nov-22,30
M,FUK,FUK,KCZ,KCZ,Domestic,Nov-22,60
M,FUK,FUK,ICN,SEL,International,Nov-22,15
M,FUK,FUK,FUJ,FUJ,Domestic,Nov-22,90
M,FUK,FUK,SDJ,SDJ,Domestic,Nov-22,60
M,FUK,FUK,KMQ,KMQ,Domestic,Nov-22,120
M,FUK,FUK,TKS,TKS,Domestic,Nov-22,60
M,FUK,FUK,HND,TYO,Domestic,Nov-22,6
M,FUK,FUK,HAN,HAN,International,Nov-22,16
M,FUK,FUK,TPE,TPE,International,Nov-22,1
L,FUK,FUK,PUS,PUS,International,Nov-22,56
M,FUK,FUK,KIJ,KIJ,Domestic,Nov-22,30
M,FUK,FUK,TSJ,TSJ,Domestic,Nov-22,150
M,FUK,FUK,HND,TYO,Domestic,Nov-22,26
M,FUK,FUK,HND,TYO,Domestic,Nov-22,60
M,FUK,FUK,HND,TYO,Domestic,Nov-22,31
M,FUK,FUK,NKM,NGO,Domestic,Nov-22,150
M,FUK,FUK,ICN,SEL,International,Nov-22,1
L,FUK,FUK,KHH,KHH,International,Nov-22,2
M,FUK,FUK,ICN,SEL,International,Nov-22,29
L,FUK,FUK,KIX,OSA,Domestic,Nov-22,90
M,FUK,FUK,CTS,SPK,Domestic,Nov-22,60
M,FUK,FUK,ICN,SEL,International,Nov-22,1
M,FUK,FUK,MYJ,MYJ,Domestic,Nov-22,120
M,FUK,FUK,HND,TYO,Domestic,Nov-22,1
M,FUK,FUK,HND,TYO,Domestic,Nov-22,104
M,FUK,FUK,CTS,SPK,Domestic,Nov-22,3
L,FUK,FUK,PUS,PUS,International,Nov-22,73
M,FUK,FUK,TPE,TPE,International,Nov-22,30
M,FUK,FUK,KUM,KUM,Domestic,Nov-22,60
M,FUK,FUK,HND,TYO,Domestic,Nov-22,6
L,FUK,FUK,CTS,SPK,Domestic,Nov-22,41
M,FUK,FUK,ITM,OSA,Domestic,Nov-22,30
M,FUK,FUK,HND,TYO,Domestic,Nov-22,93
L,FUK,FUK,NRT,TYO,Domestic,Nov-22,318
M,FUK,FUK,CTS,SPK,Domestic,Nov-22,30
M,FUK,FUK,PUS,PUS,International,Nov-22,22
L,FUK,FUK,DMK,BKK,International,Nov-22,17
M,FUK,FUK,HND,TYO,Domestic,Nov-22,1
M,FUK,FUK,HKG,HKG,International,Nov-22,9
L,FUK,FUK,NGO,NGO,Domestic,Nov-22,110
M,FUK,FUK,TPE,TPE,International,Nov-22,18
M,FUK,FUK,NGO,NGO,Domestic,Nov-22,60
L,FUK,FUK,TAE,TAE,International,Nov-22,20
M,FUK,FUK,HND,TYO,Domestic,Nov-22,267
M,FUK,FUK,HND,TYO,Domestic,Nov-22,240
M,FUK,FUK,TPE,TPE,International,Nov-22,13
M,FUK,FUK,CTS,SPK,Domestic,Nov-22,57
M,FUK,FUK,HND,TYO,Domestic,Nov-22,31
L,FUK,FUK,IBR,IBR,Domestic,Nov-22,24
L,FUK,FUK,ICN,SEL,International,Nov-22,125
M,FUK,FUK,HND,TYO,Domestic,Nov-22,1
M,FUK,FUK,KMI,KMI,Domestic,Nov-22,210
L,FUK,FUK,NRT,TYO,Domestic,Nov-22,30
M,FUK,FUK,PUS,PUS,International,Nov-22,68
M,FUK,FUK,ITM,OSA,Domestic,Nov-22,3
M,FUK,FUK,ICN,SEL,International,Nov-22,9
M,FUK,FUK,NGO,NGO,Domestic,Nov-22,180
L,FUK,FUK,MNL,MNL,International,Nov-22,17
L,FUK,FUK,OKA,OKA,Domestic,Nov-22,150
L,FUK,FUK,OKA,OKA,Domestic,Nov-22,30
M,FUK,FUK,IZO,IZO,Domestic,Nov-22,60
M,FUK,FUK,NGO,NGO,Domestic,Nov-22,30
L,FUK,FUK,HND,TYO,Domestic,Nov-22,305
M,FUK,FUK,TPE,TPE,International,Nov-22,3
M,FUK,FUK,BKK,BKK,International,Nov-22,30
M,FUK,FUK,TPE,TPE,International,Nov-22,8
M,FUK,FUK,HND,TYO,Domestic,Nov-22,132
L,FUK,FUK,KIX,OSA,Domestic,Nov-22,30
M,FUK,FUK,HND,TYO,Domestic,Nov-22,33
L,FUK,FUK,HAN,HAN,International,Nov-22,13
M,FUK,FUK,OKA,OKA,Domestic,Nov-22,180
M,FUK,FUK,KIJ,KIJ,Domestic,Nov-22,60
M,FUK,FUK,ASJ,ASJ,Domestic,Nov-22,30
M,FUK,FUK,OKA,OKA,Domestic,Nov-22,90
M,FUK,FUK,SDJ,SDJ,Domestic,Nov-22,149
M,FUK,FUK,HNA,HNA,Domestic,Nov-22,30
M,FUK,FUK,SGN,SGN,International,Dec-22,12
M,FUK,FUK,ICN,SEL,International,Dec-22,31
M,FUK,FUK,PUS,PUS,International,Dec-22,17
L,FUK,FUK,TAE,TAE,International,Dec-22,31
M,FUK,FUK,HKG,HKG,International,Dec-22,8
M,FUK,FUK,ICN,SEL,International,Dec-22,1
M,FUK,FUK,KUM,KUM,Domestic,Dec-22,62
M,FUK,FUK,TPE,TPE,International,Dec-22,31
M,FUK,FUK,HKG,HKG,International,Dec-22,4
L,FUK,FUK,MNL,MNL,International,Dec-22,18
M,FUK,FUK,HND,TYO,Domestic,Dec-22,84
M,FUK,FUK,KMQ,KMQ,Domestic,Dec-22,124
M,FUK,FUK,HND,TYO,Domestic,Dec-22,32
L,FUK,FUK,ICN,SEL,International,Dec-22,124
M,FUK,FUK,NKM,NGO,Domestic,Dec-22,155
M,FUK,FUK,TPE,TPE,International,Dec-22,11
M,FUK,FUK,TPE,TPE,International,Dec-22,1
L,FUK,FUK,BKK,BKK,International,Dec-22,31
M,FUK,FUK,CTS,SPK,Domestic,Dec-22,31
M,FUK,FUK,FSZ,FSZ,Domestic,Dec-22,124
M,FUK,FUK,SIN,SIN,International,Dec-22,14
M,FUK,FUK,HND,TYO,Domestic,Dec-22,76
M,FUK,FUK,ICN,SEL,International,Dec-22,3
M,FUK,FUK,HND,TYO,Domestic,Dec-22,3
M,FUK,FUK,TPE,TPE,International,Dec-22,15
L,FUK,FUK,DMK,BKK,International,Dec-22,25
M,FUK,FUK,HKG,HKG,International,Dec-22,2
L,FUK,FUK,ICN,SEL,International,Dec-22,23
L,FUK,FUK,OKA,OKA,Domestic,Dec-22,155
M,FUK,FUK,TSJ,TSJ,Domestic,Dec-22,159
M,FUK,FUK,HND,TYO,Domestic,Dec-22,29
M,FUK,FUK,PUS,PUS,International,Dec-22,18
M,FUK,FUK,HND,TYO,Domestic,Dec-22,256
M,FUK,FUK,ICN,SEL,International,Dec-22,1
M,FUK,FUK,TPE,TPE,International,Dec-22,2
M,FUK,FUK,PUS,PUS,International,Dec-22,78
L,FUK,FUK,KIX,OSA,Domestic,Dec-22,62
L,FUK,FUK,NRT,TYO,Domestic,Dec-22,60
M,FUK,FUK,ICN,SEL,International,Dec-22,1
M,FUK,FUK,ITM,OSA,Domestic,Dec-22,62
M,FUK,FUK,GUM,GUM,International,Dec-22,9
M,FUK,FUK,BKK,BKK,International,Dec-22,10
M,FUK,FUK,ASJ,ASJ,Domestic,Dec-22,31
L,FUK,FUK,NRT,TYO,Domestic,Dec-22,26
M,FUK,FUK,NGO,NGO,Domestic,Dec-22,31
M,FUK,FUK,HND,TYO,Domestic,Dec-22,111
M,FUK,FUK,ITM,OSA,Domestic,Dec-22,53
L,FUK,FUK,CTS,SPK,Domestic,Dec-22,62
M,FUK,FUK,ICN,SEL,International,Dec-22,29
M,FUK,FUK,HND,TYO,Domestic,Dec-22,83
L,FUK,FUK,NGO,NGO,Domestic,Dec-22,112
L,FUK,FUK,NRT,TYO,Domestic,Dec-22,346
M,FUK,FUK,HND,TYO,Domestic,Dec-22,94
L,FUK,FUK,CTS,SPK,Domestic,Dec-22,5
M,FUK,FUK,ITM,OSA,Domestic,Dec-22,31
M,FUK,FUK,HND,TYO,Domestic,Dec-22,30
M,FUK,FUK,HNA,HNA,Domestic,Dec-22,31
L,FUK,FUK,PUS,PUS,International,Dec-22,62
L,FUK,FUK,KHH,KHH,International,Dec-22,9
M,FUK,FUK,BKK,BKK,International,Dec-22,21
M,FUK,FUK,OKA,OKA,Domestic,Dec-22,216
M,FUK,FUK,ICN,SEL,International,Dec-22,1
M,FUK,FUK,ICN,SEL,International,Dec-22,57
M,FUK,FUK,KIJ,KIJ,Domestic,Dec-22,31
L,FUK,FUK,OKA,OKA,Domestic,Dec-22,67
L,FUK,FUK,CTS,SPK,Domestic,Dec-22,26
M,FUK,FUK,TKS,TKS,Domestic,Dec-22,62
L,FUK,FUK,HAN,HAN,International,Dec-22,14
L,FUK,FUK,KIX,OSA,Domestic,Dec-22,62
L,FUK,FUK,HKG,HKG,International,Dec-22,37
M,FUK,FUK,KCZ,KCZ,Domestic,Dec-22,62
M,FUK,FUK,HND,TYO,Domestic,Dec-22,91
M,FUK,FUK,MNL,MNL,International,Dec-22,27
M,FUK,FUK,KMI,KMI,Domestic,Dec-22,217
M,FUK,FUK,NGO,NGO,Domestic,Dec-22,61
L,FUK,FUK,IBR,IBR,Domestic,Dec-22,31
M,FUK,FUK,KIJ,KIJ,Domestic,Dec-22,62
M,FUK,FUK,CTS,SPK,Domestic,Dec-22,45
M,FUK,FUK,SDJ,SDJ,Domestic,Dec-22,155
M,FUK,FUK,OKA,OKA,Domestic,Dec-22,3
M,FUK,FUK,CTS,SPK,Domestic,Dec-22,62
L,FUK,FUK,HND,TYO,Domestic,Dec-22,398
M,FUK,FUK,OKA,OKA,Domestic,Dec-22,93
M,FUK,FUK,MNL,MNL,International,Dec-22,4
M,FUK,FUK,TPE,TPE,International,Dec-22,3
M,FUK,FUK,HND,TYO,Domestic,Dec-22,14
M,FUK,FUK,ICN,SEL,International,Dec-22,31
L,FUK,FUK,TPE,TPE,International,Dec-22,23
M,FUK,FUK,HND,TYO,Domestic,Dec-22,42
L,FUK,FUK,PUS,PUS,International,Dec-22,93
M,FUK,FUK,TPE,TPE,International,Dec-22,29
M,FUK,FUK,MYJ,MYJ,Domestic,Dec-22,124
M,FUK,FUK,HND,TYO,Domestic,Dec-22,37
M,FUK,FUK,KOJ,KOJ,Domestic,Dec-22,31
M,FUK,FUK,HND,TYO,Domestic,Dec-22,296
M,FUK,FUK,AXJ,AXJ,Domestic,Dec-22,93
L,FUK,FUK,OKA,OKA,Domestic,Dec-22,31
M,FUK,FUK,NGO,NGO,Domestic,Dec-22,1
M,FUK,FUK,IZO,IZO,Domestic,Dec-22,62
M,FUK,FUK,FUJ,FUJ,Domestic,Dec-22,97
M,FUK,FUK,HND,TYO,Domestic,Dec-22,1
L,FUK,FUK,HKG,HKG,International,Dec-22,12
M,FUK,FUK,HND,TYO,Domestic,Dec-22,2
M,FUK,FUK,ITM,OSA,Domestic,Dec-22,62
M,FUK,FUK,MMJ,MMJ,Domestic,Dec-22,62
L,FUK,FUK,ICN,SEL,International,Dec-22,159
M,FUK,FUK,KMI,KMI,Domestic,Dec-22,186
L,FUK,FUK,ISG,ISG,Domestic,Dec-22,25
M,FUK,FUK,PUS,PUS,International,Dec-22,4
M,FUK,FUK,SDJ,SDJ,Domestic,Dec-22,62
M,FUK,FUK,TPE,TPE,International,Dec-22,14
L,FUK,FUK,ICN,SEL,International,Dec-22,62
M,FUK,FUK,OKA,OKA,Domestic,Dec-22,152
M,FUK,FUK,HND,TYO,Domestic,Dec-22,64
M,FUK,FUK,ITM,OSA,Domestic,Dec-22,111
M,FUK,FUK,ITM,OSA,Domestic,Dec-22,16
M,FUK,FUK,CTS,SPK,Domestic,Dec-22,17
M,FUK,FUK,NGO,NGO,Domestic,Dec-22,186
L,FUK,FUK,ICN,SEL,International,Dec-22,2
M,FUK,FUK,HAN,HAN,International,Dec-22,18
M,FUK,FUK,HND,TYO,Domestic,Dec-22,15
M,FUK,FUK,ICN,SEL,International,Jan-23,1
M,FUK,FUK,CTS,SPK,Domestic,Jan-23,31
M,FUK,FUK,ICN,SEL,International,Jan-23,31
L,FUK,FUK,TPE,TPE,International,Jan-23,22
M,FUK,FUK,SIN,SIN,International,Jan-23,13
M,FUK,FUK,PUS,PUS,International,Jan-23,3
M,FUK,FUK,HND,TYO,Domestic,Jan-23,45
M,FUK,FUK,ICN,SEL,International,Jan-23,4
M,FUK,FUK,HND,TYO,Domestic,Jan-23,31
M,FUK,FUK,NKM,NGO,Domestic,Jan-23,155
M,FUK,FUK,KUM,KUM,Domestic,Jan-23,62
M,FUK,FUK,TPE,TPE,International,Jan-23,23
M,FUK,FUK,HND,TYO,Domestic,Jan-23,1
M,FUK,FUK,CTS,SPK,Domestic,Jan-23,1
M,FUK,FUK,FSZ,FSZ,Domestic,Jan-23,124
L,FUK,FUK,KIX,OSA,Domestic,Jan-23,62
L,FUK,FUK,ICN,SEL,International,Jan-23,33
M,FUK,FUK,ICN,SEL,International,Jan-23,12
M,FUK,FUK,HND,TYO,Domestic,Jan-23,3
M,FUK,FUK,TPE,TPE,International,Jan-23,22
L,FUK,FUK,HND,TYO,Domestic,Jan-23,403
M,FUK,FUK,HND,TYO,Domestic,Jan-23,30
M,FUK,FUK,PUS,PUS,International,Jan-23,112
M,FUK,FUK,ITM,OSA,Domestic,Jan-23,26
M,FUK,FUK,HND,TYO,Domestic,Jan-23,301
M,FUK,FUK,HND,TYO,Domestic,Jan-23,251
L,FUK,FUK,CTS,SPK,Domestic,Jan-23,18
M,FUK,FUK,NGO,NGO,Domestic,Jan-23,186
L,FUK,FUK,CTS,SPK,Domestic,Jan-23,13
M,FUK,FUK,KMI,KMI,Domestic,Jan-23,217
M,FUK,FUK,MNL,MNL,International,Jan-23,28
M,FUK,FUK,ITM,OSA,Domestic,Jan-23,36
M,FUK,FUK,BKK,BKK,International,Jan-23,28
L,FUK,FUK,OKA,OKA,Domestic,Jan-23,155
M,FUK,FUK,SGN,SGN,International,Jan-23,11
M,FUK,FUK,HND,TYO,Domestic,Jan-23,31
M,FUK,FUK,ICN,SEL,International,Jan-23,1
M,FUK,FUK,CTS,SPK,Domestic,Jan-23,1
M,FUK,FUK,TPE,TPE,International,Jan-23,25
M,FUK,FUK,NGO,NGO,Domestic,Jan-23,31
L,FUK,FUK,NRT,TYO,Domestic,Jan-23,60
M,FUK,FUK,TPE,TPE,International,Jan-23,31
L,FUK,FUK,IBR,IBR,Domestic,Jan-23,31
M,FUK,FUK,HKG,HKG,International,Jan-23,13
L,FUK,FUK,ICN,SEL,International,Jan-23,62
M,FUK,FUK,MMJ,MMJ,Domestic,Jan-23,62
M,FUK,FUK,NGO,NGO,Domestic,Jan-23,62
M,FUK,FUK,KIJ,KIJ,Domestic,Jan-23,62
M,FUK,FUK,HND,TYO,Domestic,Jan-23,111
M,FUK,FUK,ICN,SEL,International,Jan-23,1
M,FUK,FUK,HND,TYO,Domestic,Jan-23,89
L,FUK,FUK,HAN,HAN,International,Jan-23,13
M,FUK,FUK,TSJ,TSJ,Domestic,Jan-23,159
L,FUK,FUK,KHH,KHH,International,Jan-23,9
M,FUK,FUK,CTS,SPK,Domestic,Jan-23,62
M,FUK,FUK,KIJ,KIJ,Domestic,Jan-23,31
L,FUK,FUK,OKA,OKA,Domestic,Jan-23,62
M,FUK,FUK,OKA,OKA,Domestic,Jan-23,94
M,FUK,FUK,HKG,HKG,International,Jan-23,3
M,FUK,FUK,TPE,TPE,International,Jan-23,3
L,FUK,FUK,PUS,PUS,International,Jan-23,62
M,FUK,FUK,HND,TYO,Domestic,Jan-23,31
M,FUK,FUK,TKS,TKS,Domestic,Jan-23,62
M,FUK,FUK,TPE,TPE,International,Jan-23,1
M,FUK,FUK,TPE,TPE,International,Jan-23,5
L,FUK,FUK,HKG,HKG,International,Jan-23,37
L,FUK,FUK,DMK,BKK,International,Jan-23,29
M,FUK,FUK,OKA,OKA,Domestic,Jan-23,198
M,FUK,FUK,IZO,IZO,Domestic,Jan-23,62
M,FUK,FUK,HNA,HNA,Domestic,Jan-23,31
M,FUK,FUK,KMQ,KMQ,Domestic,Jan-23,124
M,FUK,FUK,HND,TYO,Domestic,Jan-23,80
M,FUK,FUK,ITM,OSA,Domestic,Jan-23,121
L,FUK,FUK,HKG,HKG,International,Jan-23,16
M,FUK,FUK,ICN,SEL,International,Jan-23,78
L,FUK,FUK,BKK,BKK,International,Jan-23,31
M,FUK,FUK,ICN,SEL,International,Jan-23,4
L,FUK,FUK,OKA,OKA,Domestic,Jan-23,31
M,FUK,FUK,OKA,OKA,Domestic,Jan-23,154
M,FUK,FUK,AXJ,AXJ,Domestic,Jan-23,84
M,FUK,FUK,SDJ,SDJ,Domestic,Jan-23,155
M,FUK,FUK,KOJ,KOJ,Domestic,Jan-23,31
M,FUK,FUK,ASJ,ASJ,Domestic,Jan-23,31
M,FUK,FUK,ICN,SEL,International,Jan-23,4
M,FUK,FUK,TPE,TPE,International,Jan-23,3
L,FUK,FUK,MNL,MNL,International,Jan-23,18
M,FUK,FUK,HAN,HAN,International,Jan-23,18
L,FUK,FUK,NRT,TYO,Domestic,Jan-23,18
L,FUK,FUK,ISG,ISG,Domestic,Jan-23,24
M,FUK,FUK,GUM,GUM,International,Jan-23,9
L,FUK,FUK,ICN,SEL,International,Jan-23,124
M,FUK,FUK,ITM,OSA,Domestic,Jan-23,62
M,FUK,FUK,HND,TYO,Domestic,Jan-23,14
M,FUK,FUK,ICN,SEL,International,Jan-23,2
M,FUK,FUK,HND,TYO,Domestic,Jan-23,44
M,FUK,FUK,HKG,HKG,International,Jan-23,4
M,FUK,FUK,HND,TYO,Domestic,Jan-23,195
M,FUK,FUK,HND,TYO,Domestic,Jan-23,62
M,FUK,FUK,ICN,SEL,International,Jan-23,9
M,FUK,FUK,ICN,SEL,International,Jan-23,17
M,FUK,FUK,MNL,MNL,International,Jan-23,3
M,FUK,FUK,MYJ,MYJ,Domestic,Jan-23,124
L,FUK,FUK,ICN,SEL,International,Jan-23,157
M,FUK,FUK,HND,TYO,Domestic,Jan-23,10
L,FUK,FUK,NRT,TYO,Domestic,Jan-23,344
M,FUK,FUK,HND,TYO,Domestic,Jan-23,2
L,FUK,FUK,CTS,SPK,Domestic,Jan-23,62
L,FUK,FUK,PUS,PUS,International,Jan-23,93
M,FUK,FUK,HND,TYO,Domestic,Jan-23,2
L,FUK,FUK,KIX,OSA,Domestic,Jan-23,62
M,FUK,FUK,CTS,SPK,Domestic,Jan-23,25
M,FUK,FUK,PUS,PUS,International,Jan-23,9
M,FUK,FUK,KCZ,KCZ,Domestic,Jan-23,62
M,FUK,FUK,FUJ,FUJ,Domestic,Jan-23,97
M,FUK,FUK,CTS,SPK,Domestic,Jan-23,9
L,FUK,FUK,TAE,TAE,International,Jan-23,31
M,FUK,FUK,ITM,OSA,Domestic,Jan-23,31
L,FUK,FUK,NGO,NGO,Domestic,Jan-23,108
M,FUK,FUK,ICN,SEL,International,Jan-23,3
M,FUK,FUK,SDJ,SDJ,Domestic,Jan-23,62
M,FUK,FUK,KMI,KMI,Domestic,Jan-23,186
L,FUK,FUK,DMK,BKK,International,Jan-23,2
M,FUK,FUK,ITM,OSA,Domestic,Jan-23,62
M,FUK,FUK,ICN,SEL,International,Jan-23,23
M,FUK,FUK,HND,TYO,Domestic,Jan-23,6
L,FUK,FUK,ISG,ISG,Domestic,Feb-23,20
L,FUK,FUK,IBR,IBR,Domestic,Feb-23,28
L,FUK,FUK,NRT,TYO,Domestic,Feb-23,28
M,FUK,FUK,HNA,HNA,Domestic,Feb-23,28
M,FUK,FUK,SDJ,SDJ,Domestic,Feb-23,140
M,FUK,FUK,TPE,TPE,International,Feb-23,13
M,FUK,FUK,HND,TYO,Domestic,Feb-23,286
M,FUK,FUK,ICN,SEL,International,Feb-23,28
M,FUK,FUK,KIJ,KIJ,Domestic,Feb-23,56
M,FUK,FUK,OKA,OKA,Domestic,Feb-23,168
M,FUK,FUK,HND,TYO,Domestic,Feb-23,224
L,FUK,FUK,TAE,TAE,International,Feb-23,28
M,FUK,FUK,NGO,NGO,Domestic,Feb-23,56
M,FUK,FUK,SGN,SGN,International,Feb-23,8
M,FUK,FUK,TPE,TPE,International,Feb-23,23
M,FUK,FUK,BKK,BKK,International,Feb-23,20
M,FUK,FUK,CTS,SPK,Domestic,Feb-23,28
L,FUK,FUK,NRT,TYO,Domestic,Feb-23,288
M,FUK,FUK,HND,TYO,Domestic,Feb-23,122
M,FUK,FUK,PUS,PUS,International,Feb-23,8
L,FUK,FUK,PUS,PUS,International,Feb-23,84
M,FUK,FUK,ICN,SEL,International,Feb-23,1
L,FUK,FUK,CTS,SPK,Domestic,Feb-23,56
M,FUK,FUK,HND,TYO,Domestic,Feb-23,21
M,FUK,FUK,TPE,TPE,International,Feb-23,28
L,FUK,FUK,NGO,NGO,Domestic,Feb-23,104
M,FUK,FUK,ICN,SEL,International,Feb-23,9
L,FUK,FUK,HND,TYO,Domestic,Feb-23,364
M,FUK,FUK,ITM,OSA,Domestic,Feb-23,28
M,FUK,FUK,CTS,SPK,Domestic,Feb-23,56
M,FUK,FUK,HND,TYO,Domestic,Feb-23,5
M,FUK,FUK,MYJ,MYJ,Domestic,Feb-23,112
L,FUK,FUK,PUS,PUS,International,Feb-23,56
M,FUK,FUK,KIJ,KIJ,Domestic,Feb-23,28
L,FUK,FUK,KIX,OSA,Domestic,Feb-23,59
M,FUK,FUK,HND,TYO,Domestic,Feb-23,19
L,FUK,FUK,ICN,SEL,International,Feb-23,148
M,FUK,FUK,TKS,TKS,Domestic,Feb-23,56
M,FUK,FUK,HND,TYO,Domestic,Feb-23,48
M,FUK,FUK,ICN,SEL,International,Feb-23,3
M,FUK,FUK,TSJ,TSJ,Domestic,Feb-23,140
M,FUK,FUK,ICN,SEL,International,Feb-23,6
M,FUK,FUK,OKA,OKA,Domestic,Feb-23,114
M,FUK,FUK,HND,TYO,Domestic,Feb-23,2
M,FUK,FUK,KCZ,KCZ,Domestic,Feb-23,56
M,FUK,FUK,ICN,SEL,International,Feb-23,9
M,FUK,FUK,KUM,KUM,Domestic,Feb-23,56
M,FUK,FUK,HKG,HKG,International,Feb-23,1
L,FUK,FUK,TPE,TPE,International,Feb-23,24
M,FUK,FUK,SIN,SIN,International,Feb-23,12
M,FUK,FUK,HND,TYO,Domestic,Feb-23,24
L,FUK,FUK,ICN,SEL,International,Feb-23,112
L,FUK,FUK,BKK,BKK,International,Feb-23,28
M,FUK,FUK,MNL,MNL,International,Feb-23,26
M,FUK,FUK,ICN,SEL,International,Feb-23,39
L,FUK,FUK,HKG,HKG,International,Feb-23,56
M,FUK,FUK,OKA,OKA,Domestic,Feb-23,110
M,FUK,FUK,PUS,PUS,International,Feb-23,61
M,FUK,FUK,ICN,SEL,International,Feb-23,4
L,FUK,FUK,OKA,OKA,Domestic,Feb-23,56
M,FUK,FUK,KMI,KMI,Domestic,Feb-23,168
M,FUK,FUK,KOJ,KOJ,Domestic,Feb-23,28
M,FUK,FUK,AXJ,AXJ,Domestic,Feb-23,84
M,FUK,FUK,ITM,OSA,Domestic,Feb-23,56
M,FUK,FUK,FSZ,FSZ,Domestic,Feb-23,112
M,FUK,FUK,HND,TYO,Domestic,Feb-23,9
L,FUK,FUK,ICN,SEL,International,Feb-23,56
M,FUK,FUK,NGO,NGO,Domestic,Feb-23,168
M,FUK,FUK,MMJ,MMJ,Domestic,Feb-23,56
M,FUK,FUK,HAN,HAN,International,Feb-23,16
L,FUK,FUK,KHH,KHH,International,Feb-23,8
M,FUK,FUK,ITM,OSA,Domestic,Feb-23,112
L,FUK,FUK,CTS,SPK,Domestic,Feb-23,28
M,FUK,FUK,NKM,NGO,Domestic,Feb-23,140
M,FUK,FUK,HND,TYO,Domestic,Feb-23,28
M,FUK,FUK,GUM,GUM,International,Feb-23,8
M,FUK,FUK,KMI,KMI,Domestic,Feb-23,196
M,FUK,FUK,HND,TYO,Domestic,Feb-23,6
M,FUK,FUK,ICN,SEL,International,Feb-23,45
M,FUK,FUK,ICN,SEL,International,Feb-23,2
L,FUK,FUK,DMK,BKK,International,Feb-23,5
M,FUK,FUK,HND,TYO,Domestic,Feb-23,1
M,FUK,FUK,ICN,SEL,International,Feb-23,14
M,FUK,FUK,HND,TYO,Domestic,Feb-23,84
M,FUK,FUK,ICN,SEL,International,Feb-23,2
M,FUK,FUK,TPE,TPE,International,Feb-23,31
M,FUK,FUK,HND,TYO,Domestic,Feb-23,11
M,FUK,FUK,MNL,MNL,International,Feb-23,1
M,FUK,FUK,NGO,NGO,Domestic,Feb-23,10
M,FUK,FUK,NGO,NGO,Domestic,Feb-23,28
M,FUK,FUK,SDJ,SDJ,Domestic,Feb-23,56
M,FUK,FUK,FUJ,FUJ,Domestic,Feb-23,84
M,FUK,FUK,ICN,SEL,International,Feb-23,4
M,FUK,FUK,HND,TYO,Domestic,Feb-23,78
M,FUK,FUK,ASJ,ASJ,Domestic,Feb-23,28
M,FUK,FUK,KMQ,KMQ,Domestic,Feb-23,112
M,FUK,FUK,ITM,OSA,Domestic,Feb-23,28
L,FUK,FUK,NRT,TYO,Domestic,Feb-23,54
M,FUK,FUK,IZO,IZO,Domestic,Feb-23,56
L,FUK,FUK,ICN,SEL,International,Feb-23,24
M,FUK,FUK,ICN,SEL,International,Feb-23,1
M,FUK,FUK,PUS,PUS,International,Feb-23,31
L,FUK,FUK,CTS,SPK,Domestic,Feb-23,10
M,FUK,FUK,PUS,PUS,International,Feb-23,12
M,FUK,FUK,ITM,OSA,Domestic,Feb-23,28
M,FUK,FUK,ICN,SEL,International,Feb-23,5
L,FUK,FUK,OKA,OKA,Domestic,Feb-23,140
L,FUK,FUK,MNL,MNL,International,Feb-23,16
M,FUK,FUK,ICN,SEL,International,Feb-23,7
L,FUK,FUK,OKA,OKA,Domestic,Feb-23,28
L,FUK,FUK,DMK,BKK,International,Feb-23,23
M,FUK,FUK,CTS,SPK,Domestic,Feb-23,28
M,FUK,FUK,TPE,TPE,International,Feb-23,5
M,FUK,FUK,HND,TYO,Domestic,Feb-23,214
M,FUK,FUK,ITM,OSA,Domestic,Feb-23,56
M,FUK,FUK,MNL,MNL,International,Feb-23,1
L,FUK,FUK,KIX,OSA,Domestic,Feb-23,56
M,FUK,FUK,HND,TYO,Domestic,Feb-23,28
M,FUK,FUK,ICN,SEL,International,Feb-23,2
L,FUK,FUK,HAN,HAN,International,Feb-23,12
M,FUK,FUK,HKG,HKG,International,Feb-23,15
M,FUK,FUK,TPE,TPE,International,Mar-23,5
M,FUK,FUK,ASJ,ASJ,Domestic,Mar-23,31
M,FUK,FUK,ICN,SEL,International,Mar-23,4
M,FUK,FUK,OKA,OKA,Domestic,Mar-23,154
M,FUK,FUK,HKG,HKG,International,Mar-23,10
M,FUK,FUK,PUS,PUS,International,Mar-23,2
M,FUK,FUK,KCZ,KCZ,Domestic,Mar-23,62
L,FUK,FUK,KIX,OSA,Domestic,Mar-23,80
M,FUK,FUK,HND,TYO,Domestic,Mar-23,32
M,FUK,FUK,KMI,KMI,Domestic,Mar-23,217
M,FUK,FUK,ITM,OSA,Domestic,Mar-23,62
L,FUK,FUK,TPE,TPE,International,Mar-23,26
M,FUK,FUK,ICN,SEL,International,Mar-23,54
M,FUK,FUK,ICN,SEL,International,Mar-23,9
M,FUK,FUK,HND,TYO,Domestic,Mar-23,12
M,FUK,FUK,OKA,OKA,Domestic,Mar-23,186
M,FUK,FUK,TPE,TPE,International,Mar-23,1
L,FUK,FUK,CTS,SPK,Domestic,Mar-23,6
L,FUK,FUK,ICN,SEL,International,Mar-23,144
M,FUK,FUK,HAN,HAN,International,Mar-23,17
M,FUK,FUK,CTS,SPK,Domestic,Mar-23,6
L,FUK,FUK,NRT,TYO,Domestic,Mar-23,25
L,FUK,FUK,BKK,BKK,International,Mar-23,31
L,FUK,FUK,ICN,SEL,International,Mar-23,31
M,FUK,FUK,IZO,IZO,Domestic,Mar-23,62
M,FUK,FUK,ICN,SEL,International,Mar-23,61
L,FUK,FUK,OKA,OKA,Domestic,Mar-23,31
M,FUK,FUK,TSJ,TSJ,Domestic,Mar-23,155
M,FUK,FUK,HND,TYO,Domestic,Mar-23,35
L,FUK,FUK,HAN,HAN,International,Mar-23,13
M,FUK,FUK,TKS,TKS,Domestic,Mar-23,62
M,FUK,FUK,SDJ,SDJ,Domestic,Mar-23,155
M,FUK,FUK,SDJ,SDJ,Domestic,Mar-23,62
M,FUK,FUK,OKA,OKA,Domestic,Mar-23,100
M,FUK,FUK,HND,TYO,Domestic,Mar-23,19
M,FUK,FUK,PUS,PUS,International,Mar-23,25
L,FUK,FUK,ICN,SEL,International,Mar-23,161
M,FUK,FUK,HND,TYO,Domestic,Mar-23,75
M,FUK,FUK,HND,TYO,Domestic,Mar-23,165
M,FUK,FUK,ICN,SEL,International,Mar-23,9
M,FUK,FUK,NGO,NGO,Domestic,Mar-23,3
M,FUK,FUK,CTS,SPK,Domestic,Mar-23,31
L,FUK,FUK,NGO,NGO,Domestic,Mar-23,114
M,FUK,FUK,TPE,TPE,International,Mar-23,9
M,FUK,FUK,KOJ,KOJ,Domestic,Mar-23,31
M,FUK,FUK,AXJ,AXJ,Domestic,Mar-23,91
M,FUK,FUK,HND,TYO,Domestic,Mar-23,31
M,FUK,FUK,HND,TYO,Domestic,Mar-23,8
M,FUK,FUK,ITM,OSA,Domestic,Mar-23,31
L,FUK,FUK,OKA,OKA,Domestic,Mar-23,68
M,FUK,FUK,ICN,SEL,International,Mar-23,2
M,FUK,FUK,HKG,HKG,International,Mar-23,12
M,FUK,FUK,ICN,SEL,International,Mar-23,1
M,FUK,FUK,CTS,SPK,Domestic,Mar-23,34
M,FUK,FUK,TPE,TPE,International,Mar-23,2
L,FUK,FUK,TAE,TAE,International,Mar-23,31
L,FUK,FUK,ISG,ISG,Domestic,Mar-23,31
M,FUK,FUK,TPE,TPE,International,Mar-23,21
M,FUK,FUK,NGO,NGO,Domestic,Mar-23,186
L,FUK,FUK,HKG,HKG,International,Mar-23,51
M,FUK,FUK,MNL,MNL,International,Mar-23,20
M,FUK,FUK,HND,TYO,Domestic,Mar-23,4
M,FUK,FUK,ICN,SEL,International,Mar-23,16
M,FUK,FUK,ITM,OSA,Domestic,Mar-23,7
M,FUK,FUK,GUM,GUM,International,Mar-23,10
M,FUK,FUK,ITM,OSA,Domestic,Mar-23,68
L,FUK,FUK,MNL,MNL,International,Mar-23,14
M,FUK,FUK,FSZ,FSZ,Domestic,Mar-23,124
L,FUK,FUK,MNL,MNL,International,Mar-23,6
M,FUK,FUK,ICN,SEL,International,Mar-23,45
M,FUK,FUK,HND,TYO,Domestic,Mar-23,35
M,FUK,FUK,ICN,SEL,International,Mar-23,3
M,FUK,FUK,HND,TYO,Domestic,Mar-23,10
M,FUK,FUK,SIN,SIN,International,Mar-23,13
M,FUK,FUK,BKK,BKK,International,Mar-23,23
M,FUK,FUK,PUS,PUS,International,Mar-23,99
M,FUK,FUK,KUM,KUM,Domestic,Mar-23,62
M,FUK,FUK,TPE,TPE,International,Mar-23,30
M,FUK,FUK,NKM,NGO,Domestic,Mar-23,155
L,FUK,FUK,OKA,OKA,Domestic,Mar-23,149
L,FUK,FUK,CTS,SPK,Domestic,Mar-23,25
M,FUK,FUK,KMI,KMI,Domestic,Mar-23,186
M,FUK,FUK,KMQ,KMQ,Domestic,Mar-23,124
L,FUK,FUK,HKG,HKG,International,Mar-23,12
L,FUK,FUK,NRT,TYO,Domestic,Mar-23,319
M,FUK,FUK,HND,TYO,Domestic,Mar-23,208
L,FUK,FUK,DMK,BKK,International,Mar-23,30
M,FUK,FUK,HND,TYO,Domestic,Mar-23,292
M,FUK,FUK,MYJ,MYJ,Domestic,Mar-23,124
L,FUK,FUK,KIX,OSA,Domestic,Mar-23,50
M,FUK,FUK,MNL,MNL,International,Mar-23,9
L,FUK,FUK,CTS,SPK,Domestic,Mar-23,56
L,FUK,FUK,PUS,PUS,International,Mar-23,67
M,FUK,FUK,ICN,SEL,International,Mar-23,6
M,FUK,FUK,FUJ,FUJ,Domestic,Mar-23,93
M,FUK,FUK,MMJ,MMJ,Domestic,Mar-23,62
M,FUK,FUK,KIJ,KIJ,Domestic,Mar-23,62
L,FUK,FUK,ICN,SEL,International,Mar-23,62
M,FUK,FUK,TPE,TPE,International,Mar-23,1
M,FUK,FUK,NGO,NGO,Domestic,Mar-23,84
L,FUK,FUK,IBR,IBR,Domestic,Mar-23,31
M,FUK,FUK,HND,TYO,Domestic,Mar-23,25
M,FUK,FUK,HND,TYO,Domestic,Mar-23,65
M,FUK,FUK,ICN,SEL,International,Mar-23,2
M,FUK,FUK,ICN,SEL,International,Mar-23,1
M,FUK,FUK,HNA,HNA,Domestic,Mar-23,31
M,FUK,FUK,ITM,OSA,Domestic,Mar-23,109
M,FUK,FUK,TPE,TPE,International,Mar-23,19
M,FUK,FUK,HND,TYO,Domestic,Mar-23,72
M,FUK,FUK,HKG,HKG,International,Mar-23,3
M,FUK,FUK,TPE,TPE,International,Mar-23,26
M,FUK,FUK,KIJ,KIJ,Domestic,Mar-23,31
M,FUK,FUK,HND,TYO,Domestic,Mar-23,45
L,FUK,FUK,KHH,KHH,International,Mar-23,9
M,FUK,FUK,HND,TYO,Domestic,Mar-23,3
M,FUK,FUK,SGN,SGN,International,Mar-23,10
L,FUK,FUK,PUS,PUS,International,Mar-23,50
M,FUK,FUK,HND,TYO,Domestic,Mar-23,254
M,FUK,FUK,CTS,SPK,Domestic,Mar-23,62
M,FUK,FUK,NGO,NGO,Domestic,Mar-23,31
L,FUK,FUK,NRT,TYO,Domestic,Mar-23,60
M,FUK,FUK,ITM,OSA,Domestic,Mar-23,55
L,FUK,FUK,HND,TYO,Domestic,Mar-23,397
